[
    {
        "firstname":"Joginaidu",
        "lastname":"Gopisetti"
    },
    {
        "firstname":"Raghu ram",
        "lastname":"Bandaru"
    },
    {
        "firstname":"Purna chandra",
        "lastname":"Kurra"
    },
    {
        "firstname":"Girish",
        "lastname":"kadali"
    },
    {
        "firstname":"Navneeth",
        "lastname":"kudupudi"
    },
    {
        "firstname":"Sai kumar",
        "lastname":"Kantamreddi"
    },
    {
        "firstname":"Kaushik kumar",
        "lastname":"Bali reddy"
    },
    {
        "firstname":"Naveen",
        "lastname":"Adigarla"
    },
    {
        "firstname":"Rajesh",
        "lastname":"Kuracha"
    },
    {
        "firstname":"Anil Kumar",
        "lastname":"Gopisetti "
    },
    {
        "firstname":"Suresh",
        "lastname":"G"
    },
    {
        "firstname":"Srinu",
        "lastname":"Ullingala"
    },
    {
        "firstname":"appayyanaidu",
        "lastname":"K"
    },
    {
        "firstname":"Surendra",
        "lastname":"N"
    }
]